creation_id,title,filename,created_at,preset,model,prompts,initial_resolution,runtime,seed,prompt_weight,refiner_weight,start_image_weight,noise_weight,sampling_method,clip_guidance,addon_models,control_net,start_image
qqt14MEZo7ldCDsD7Pp9,"""Solar Eclipse over a cherry blossom grove"" by artist ""anime"", Anime Key Visual, Japanese Manga, Pixiv, Zerochan, Anime art, Fantia Epic ci...",cRu3YnfjpKxvTVlHvrHi--1--fixwv.jpg,2024-04-13T20:50:44.218Z,none,dreamshaper-xl-lightning-sfw,"weight: 1 """"Solar Eclipse over a cherry blossom grove"" by artist ""anime"", Anime Key Visual, Japanese Manga, Pixiv, Zerochan, Anime art, Fantia Epic cinematic brilliant stunning intricate meticulously dramatic atmospheric digital detailed matte painting, deep color, fantastical, intricate detail, splash screen, complementary colors, fantasy, 8k resolution trending on Artstation Unreal Engine 5""",Medium,Short,3184400760,None,Off,50%,50%,None,None,None,None,No
IMOl5QK3fLs7HTc9g3i8,"""Solar Eclipse over a cherry blossom grove"" by artist ""anime"", Anime Key Visual, Japanese Manga, Pixiv, Zerochan, Anime art, Fantia Epic ci...",cRu3YnfjpKxvTVlHvrHi--2--l0grj.jpg,2024-04-13T20:50:54.214Z,none,dreamshaper-xl-lightning-sfw,"weight: 1 """"Solar Eclipse over a cherry blossom grove"" by artist ""anime"", Anime Key Visual, Japanese Manga, Pixiv, Zerochan, Anime art, Fantia Epic cinematic brilliant stunning intricate meticulously dramatic atmospheric digital detailed matte painting, deep color, fantastical, intricate detail, splash screen, complementary colors, fantasy, 8k resolution trending on Artstation Unreal Engine 5""",Medium,Short,3184400760,None,Off,50%,50%,None,None,None,None,No
pcXX4nGqNXweg0i2mU8O,"""Solar Eclipse over a cherry blossom grove"" by artist ""anime"", Anime Key Visual, Japanese Manga, Pixiv, Zerochan, Anime art, Fantia Epic ci...",cRu3YnfjpKxvTVlHvrHi--3--4153j.jpg,2024-04-13T20:51:20.004Z,none,dreamshaper-xl-lightning-sfw,"weight: 1 """"Solar Eclipse over a cherry blossom grove"" by artist ""anime"", Anime Key Visual, Japanese Manga, Pixiv, Zerochan, Anime art, Fantia Epic cinematic brilliant stunning intricate meticulously dramatic atmospheric digital detailed matte painting, deep color, fantastical, intricate detail, splash screen, complementary colors, fantasy, 8k resolution trending on Artstation Unreal Engine 5""",Medium,Short,3184400760,None,Off,50%,50%,None,None,None,None,No
wMxOFLUo8jEWB0xCLXDJ,"""Solar Eclipse over a cherry blossom grove"" by artist ""anime"", Anime Key Visual, Japanese Manga, Pixiv, Zerochan, Anime art, Fantia Epic ci...",cRu3YnfjpKxvTVlHvrHi--5--9sicc.jpg,2024-04-13T20:52:16.933Z,none,dreamshaper-xl-lightning-sfw,"weight: 1 """"Solar Eclipse over a cherry blossom grove"" by artist ""anime"", Anime Key Visual, Japanese Manga, Pixiv, Zerochan, Anime art, Fantia Epic cinematic brilliant stunning intricate meticulously dramatic atmospheric digital detailed matte painting, deep color, fantastical, intricate detail, splash screen, complementary colors, fantasy, 8k resolution trending on Artstation Unreal Engine 5""",Medium,Short,3184400760,None,Off,50%,50%,None,None,None,None,No
L21R221WVbbS1DXi0jTn,"""Solar Eclipse over a cherry blossom grove"" by artist ""anime"", Anime Key Visual, Japanese Manga, Pixiv, Zerochan, Anime art, Fantia Epic ci...",cRu3YnfjpKxvTVlHvrHi--4--8xzkl.jpg,2024-04-13T20:52:42.082Z,none,dreamshaper-xl-lightning-sfw,"weight: 1 """"Solar Eclipse over a cherry blossom grove"" by artist ""anime"", Anime Key Visual, Japanese Manga, Pixiv, Zerochan, Anime art, Fantia Epic cinematic brilliant stunning intricate meticulously dramatic atmospheric digital detailed matte painting, deep color, fantastical, intricate detail, splash screen, complementary colors, fantasy, 8k resolution trending on Artstation Unreal Engine 5""",Medium,Short,3184400760,None,Off,50%,50%,None,None,None,None,No
FfE98mIBzK4G6SLLuMdw,"""Solar Eclipse over a cherry blossom grove"" by artist ""anime"", Anime Key Visual, Japanese Manga, Pixiv, Zerochan, Anime art, Fantia Epic ci...",cRu3YnfjpKxvTVlHvrHi--6--03rut.jpg,2024-04-13T20:52:49.064Z,none,dreamshaper-xl-lightning-sfw,"weight: 1 """"Solar Eclipse over a cherry blossom grove"" by artist ""anime"", Anime Key Visual, Japanese Manga, Pixiv, Zerochan, Anime art, Fantia Epic cinematic brilliant stunning intricate meticulously dramatic atmospheric digital detailed matte painting, deep color, fantastical, intricate detail, splash screen, complementary colors, fantasy, 8k resolution trending on Artstation Unreal Engine 5""",Medium,Short,3184400760,None,Off,50%,50%,None,None,None,None,No
PpfQNVCb9QSKyRLmm7tr,"""Solar Eclipse over a cherry blossom grove"" by artist ""anime"", Anime Key Visual, Japanese Manga, Pixiv, Zerochan, Anime art, Fantia Epic ci...",cRu3YnfjpKxvTVlHvrHi--7--gboj9.jpg,2024-04-13T20:52:59.023Z,none,dreamshaper-xl-lightning-sfw,"weight: 1 """"Solar Eclipse over a cherry blossom grove"" by artist ""anime"", Anime Key Visual, Japanese Manga, Pixiv, Zerochan, Anime art, Fantia Epic cinematic brilliant stunning intricate meticulously dramatic atmospheric digital detailed matte painting, deep color, fantastical, intricate detail, splash screen, complementary colors, fantasy, 8k resolution trending on Artstation Unreal Engine 5""",Medium,Short,3184400760,None,Off,50%,50%,None,None,None,None,No
9TAdo23LzlkfMoM187ic,"""Solar Eclipse over a cherry blossom grove"" by artist ""anime"", Anime Key Visual, Japanese Manga, Pixiv, Zerochan, Anime art, Fantia Epic ci...",cRu3YnfjpKxvTVlHvrHi--8--jkan3.jpg,2024-04-13T20:53:06.656Z,none,dreamshaper-xl-lightning-sfw,"weight: 1 """"Solar Eclipse over a cherry blossom grove"" by artist ""anime"", Anime Key Visual, Japanese Manga, Pixiv, Zerochan, Anime art, Fantia Epic cinematic brilliant stunning intricate meticulously dramatic atmospheric digital detailed matte painting, deep color, fantastical, intricate detail, splash screen, complementary colors, fantasy, 8k resolution trending on Artstation Unreal Engine 5""",Medium,Short,3184400760,None,Off,50%,50%,None,None,None,None,No
RSJvrkzj1i8i5o0czNYN,"""Solar Eclipse over a cherry blossom grove"" by artist ""anime"", Anime Key Visual, Japanese Manga, Pixiv, Zerochan, Anime art, Fantia Epic ci...",cRu3YnfjpKxvTVlHvrHi--9--mot3f.jpg,2024-04-13T20:53:16.742Z,none,dreamshaper-xl-lightning-sfw,"weight: 1 """"Solar Eclipse over a cherry blossom grove"" by artist ""anime"", Anime Key Visual, Japanese Manga, Pixiv, Zerochan, Anime art, Fantia Epic cinematic brilliant stunning intricate meticulously dramatic atmospheric digital detailed matte painting, deep color, fantastical, intricate detail, splash screen, complementary colors, fantasy, 8k resolution trending on Artstation Unreal Engine 5""",Medium,Short,3184400760,None,Off,50%,50%,None,None,None,None,No
